[
  {
    "id": 1,
    "name": "Bulbasaur",
    "type1": "Grass",
    "type2": "Poison",
    "total": 318,
    "hp": 45,
    "attack": 49,
    "defense": 49,
    "spAtk": 65,
    "spDef": 65,
    "speed": 45,
    "generation": 1,
    "legendary": "False"
  },
  {
    "id": 2,
    "name": "Ivysaur",
    "type1": "Grass",
    "type2": "Poison",
    "total": 405,
    "hp": 60,
    "attack": 62,
    "defense": 63,
    "spAtk": 80,
    "spDef": 80,
    "speed": 60,
    "generation": 1,
    "legendary": "False"
  },
  {
    "id": 3,
    "name": "Venusaur",
    "type1": "Grass",
    "type2": "Poison",
    "total": 525,
    "hp": 80,
    "attack": 82,
    "defense": 83,
    "spAtk": 100,
    "spDef": 100,
    "speed": 80,
    "generation": 1,
    "legendary": "False"
  },

  {
    "id": 4,
    "name": "Charmander",
    "type1": "Fire",
    "type2": "",
    "total": 309,
    "hp": 39,
    "attack": 52,
    "defense": 43,
    "spAtk": 60,
    "spDef": 50,
    "speed": 65,
    "generation": 1,
    "legendary": "False"
  },
  {
    "id": 5,
    "name": "Charmeleon",
    "type1": "Fire",
    "type2": "",
    "total": 405,
    "hp": 58,
    "attack": 64,
    "defense": 58,
    "spAtk": 80,
    "spDef": 65,
    "speed": 80,
    "generation": 1,
    "legendary": "False"
  },
  {
    "id": 6,
    "name": "Charizard",
    "type1": "Fire",
    "type2": "Flying",
    "total": 534,
    "hp": 78,
    "attack": 84,
    "defense": 78,
    "spAtk": 109,
    "spDef": 85,
    "speed": 100,
    "generation": 1,
    "legendary": "False"
  },

  {
    "id": 7,
    "name": "Squirtle",
    "type1": "Water",
    "type2": "",
    "total": 314,
    "hp": 44,
    "attack": 48,
    "defense": 65,
    "spAtk": 50,
    "spDef": 64,
    "speed": 43,
    "generation": 1,
    "legendary": "False"
  },
  {
    "id": 8,
    "name": "Wartortle",
    "type1": "Water",
    "type2": "",
    "total": 405,
    "hp": 59,
    "attack": 63,
    "defense": 80,
    "spAtk": 65,
    "spDef": 80,
    "speed": 58,
    "generation": 1,
    "legendary": "False"
  },
  {
    "id": 9,
    "name": "Blastoise",
    "type1": "Water",
    "type2": "",
    "total": 530,
    "hp": 79,
    "attack": 83,
    "defense": 100,
    "spAtk": 85,
    "spDef": 105,
    "speed": 78,
    "generation": 1,
    "legendary": "False"
  },

  {
    "id": 10,
    "name": "Caterpie",
    "type1": "Bug",
    "type2": "",
    "total": 195,
    "hp": 45,
    "attack": 30,
    "defense": 35,
    "spAtk": 20,
    "spDef": 20,
    "speed": 45,
    "generation": 1,
    "legendary": "False"
  },
  {
    "id": 11,
    "name": "Metapod",
    "type1": "Bug",
    "type2": "",
    "total": 205,
    "hp": 50,
    "attack": 20,
    "defense": 55,
    "spAtk": 25,
    "spDef": 25,
    "speed": 30,
    "generation": 1,
    "legendary": "False"
  },
  {
    "id": 12,
    "name": "Butterfree",
    "type1": "Bug",
    "type2": "Flying",
    "total": 395,
    "hp": 60,
    "attack": 45,
    "defense": 50,
    "spAtk": 90,
    "spDef": 80,
    "speed": 70,
    "generation": 1,
    "legendary": "False"
  },
  {
    "id": 13,
    "name": "Weedle",
    "type1": "Bug",
    "type2": "Poison",
    "total": 195,
    "hp": 40,
    "attack": 35,
    "defense": 30,
    "spAtk": 20,
    "spDef": 20,
    "speed": 50,
    "generation": 1,
    "legendary": "False"
  },
  {
    "id": 14,
    "name": "Kakuna",
    "type1": "Bug",
    "type2": "Poison",
    "total": 205,
    "hp": 45,
    "attack": 25,
    "defense": 50,
    "spAtk": 25,
    "spDef": 25,
    "speed": 35,
    "generation": 1,
    "legendary": "False"
  },
  {
    "id": 15,
    "name": "Beedrill",
    "type1": "Bug",
    "type2": "Poison",
    "total": 395,
    "hp": 65,
    "attack": 90,
    "defense": 40,
    "spAtk": 45,
    "spDef": 80,
    "speed": 75,
    "generation": 1,
    "legendary": "False"
  },

  {
    "id": 16,
    "name": "Pidgey",
    "type1": "Normal",
    "type2": "Flying",
    "total": 251,
    "hp": 40,
    "attack": 45,
    "defense": 40,
    "spAtk": 35,
    "spDef": 35,
    "speed": 56,
    "generation": 1,
    "legendary": "False"
  },
  {
    "id": 17,
    "name": "Pidgeotto",
    "type1": "Normal",
    "type2": "Flying",
    "total": 349,
    "hp": 63,
    "attack": 60,
    "defense": 55,
    "spAtk": 50,
    "spDef": 50,
    "speed": 71,
    "generation": 1,
    "legendary": "False"
  },
  {
    "id": 18,
    "name": "Pidgeot",
    "type1": "Normal",
    "type2": "Flying",
    "total": 479,
    "hp": 83,
    "attack": 80,
    "defense": 75,
    "spAtk": 70,
    "spDef": 70,
    "speed": 101,
    "generation": 1,
    "legendary": "False"
  },
  {
    "id": 19,
    "name": "Rattata",
    "type1": "Normal",
    "type2": "",
    "total": 253,
    "hp": 30,
    "attack": 56,
    "defense": 35,
    "spAtk": 25,
    "spDef": 35,
    "speed": 72,
    "generation": 1,
    "legendary": "False"
  },
  {
    "id": 20,
    "name": "Raticate",
    "type1": "Normal",
    "type2": "",
    "total": 413,
    "hp": 55,
    "attack": 81,
    "defense": 60,
    "spAtk": 50,
    "spDef": 70,
    "speed": 97,
    "generation": 1,
    "legendary": "False"
  },
  {
    "id": 21,
    "name": "Spearow",
    "type1": "Normal",
    "type2": "Flying",
    "total": 262,
    "hp": 40,
    "attack": 60,
    "defense": 30,
    "spAtk": 31,
    "spDef": 31,
    "speed": 70,
    "generation": 1,
    "legendary": "False"
  },
  {
    "id": 22,
    "name": "Fearow",
    "type1": "Normal",
    "type2": "Flying",
    "total": 442,
    "hp": 65,
    "attack": 90,
    "defense": 65,
    "spAtk": 61,
    "spDef": 61,
    "speed": 100,
    "generation": 1,
    "legendary": "False"
  },
  {
    "id": 23,
    "name": "Ekans",
    "type1": "Poison",
    "type2": "",
    "total": 288,
    "hp": 35,
    "attack": 60,
    "defense": 44,
    "spAtk": 40,
    "spDef": 54,
    "speed": 55,
    "generation": 1,
    "legendary": "False"
  },
  {
    "id": 24,
    "name": "Arbok",
    "type1": "Poison",
    "type2": "",
    "total": 438,
    "hp": 60,
    "attack": 85,
    "defense": 69,
    "spAtk": 65,
    "spDef": 79,
    "speed": 80,
    "generation": 1,
    "legendary": "False"
  },
  {
    "id": 25,
    "name": "Pikachu",
    "type1": "Electric",
    "type2": "",
    "total": 320,
    "hp": 35,
    "attack": 55,
    "defense": 40,
    "spAtk": 50,
    "spDef": 50,
    "speed": 90,
    "generation": 1,
    "legendary": "False"
  },
  {
    "id": 26,
    "name": "Raichu",
    "type1": "Electric",
    "type2": "",
    "total": 485,
    "hp": 60,
    "attack": 90,
    "defense": 55,
    "spAtk": 90,
    "spDef": 80,
    "speed": 110,
    "generation": 1,
    "legendary": "False"
  },
  {
    "id": 27,
    "name": "Sandshrew",
    "type1": "Ground",
    "type2": "",
    "total": 300,
    "hp": 50,
    "attack": 75,
    "defense": 85,
    "spAtk": 20,
    "spDef": 30,
    "speed": 40,
    "generation": 1,
    "legendary": "False"
  },
  {
    "id": 28,
    "name": "Sandslash",
    "type1": "Ground",
    "type2": "",
    "total": 450,
    "hp": 75,
    "attack": 100,
    "defense": 110,
    "spAtk": 45,
    "spDef": 55,
    "speed": 65,
    "generation": 1,
    "legendary": "False"
  },
  {
    "id": 29,
    "name": "Nidoran♀",
    "type1": "Poison",
    "type2": "",
    "total": 275,
    "hp": 55,
    "attack": 47,
    "defense": 52,
    "spAtk": 40,
    "spDef": 40,
    "speed": 41,
    "generation": 1,
    "legendary": "False"
  },
  {
    "id": 30,
    "name": "Nidorina",
    "type1": "Poison",
    "type2": "",
    "total": 365,
    "hp": 70,
    "attack": 62,
    "defense": 67,
    "spAtk": 55,
    "spDef": 55,
    "speed": 56,
    "generation": 1,
    "legendary": "False"
  },
  {
    "id": 31,
    "name": "Nidoqueen",
    "type1": "Poison",
    "type2": "Ground",
    "total": 505,
    "hp": 90,
    "attack": 92,
    "defense": 87,
    "spAtk": 75,
    "spDef": 85,
    "speed": 76,
    "generation": 1,
    "legendary": "False"
  },
  {
    "id": 32,
    "name": "Nidoran♂",
    "type1": "Poison",
    "type2": "",
    "total": 273,
    "hp": 46,
    "attack": 57,
    "defense": 40,
    "spAtk": 40,
    "spDef": 40,
    "speed": 50,
    "generation": 1,
    "legendary": "False"
  },
  {
    "id": 33,
    "name": "Nidorino",
    "type1": "Poison",
    "type2": "",
    "total": 365,
    "hp": 61,
    "attack": 72,
    "defense": 57,
    "spAtk": 55,
    "spDef": 55,
    "speed": 65,
    "generation": 1,
    "legendary": "False"
  },
  {
    "id": 34,
    "name": "Nidoking",
    "type1": "Poison",
    "type2": "Ground",
    "total": 505,
    "hp": 81,
    "attack": 102,
    "defense": 77,
    "spAtk": 85,
    "spDef": 75,
    "speed": 85,
    "generation": 1,
    "legendary": "False"
  },
  {
    "id": 35,
    "name": "Clefairy",
    "type1": "Fairy",
    "type2": "",
    "total": 323,
    "hp": 70,
    "attack": 45,
    "defense": 48,
    "spAtk": 60,
    "spDef": 65,
    "speed": 35,
    "generation": 1,
    "legendary": "False"
  },
  {
    "id": 36,
    "name": "Clefable",
    "type1": "Fairy",
    "type2": "",
    "total": 483,
    "hp": 95,
    "attack": 70,
    "defense": 73,
    "spAtk": 95,
    "spDef": 90,
    "speed": 60,
    "generation": 1,
    "legendary": "False"
  },
  {
    "id": 37,
    "name": "Vulpix",
    "type1": "Fire",
    "type2": "",
    "total": 299,
    "hp": 38,
    "attack": 41,
    "defense": 40,
    "spAtk": 50,
    "spDef": 65,
    "speed": 65,
    "generation": 1,
    "legendary": "False"
  },
  {
    "id": 38,
    "name": "Ninetales",
    "type1": "Fire",
    "type2": "",
    "total": 505,
    "hp": 73,
    "attack": 76,
    "defense": 75,
    "spAtk": 81,
    "spDef": 100,
    "speed": 100,
    "generation": 1,
    "legendary": "False"
  },
  {
    "id": 39,
    "name": "Jigglypuff",
    "type1": "Normal",
    "type2": "Fairy",
    "total": 270,
    "hp": 115,
    "attack": 45,
    "defense": 20,
    "spAtk": 45,
    "spDef": 25,
    "speed": 20,
    "generation": 1,
    "legendary": "False"
  },
  {
    "id": 40,
    "name": "Wigglytuff",
    "type1": "Normal",
    "type2": "Fairy",
    "total": 435,
    "hp": 140,
    "attack": 70,
    "defense": 45,
    "spAtk": 85,
    "spDef": 50,
    "speed": 45,
    "generation": 1,
    "legendary": "False"
  },
  {
    "id": 41,
    "name": "Zubat",
    "type1": "Poison",
    "type2": "Flying",
    "total": 245,
    "hp": 40,
    "attack": 45,
    "defense": 35,
    "spAtk": 30,
    "spDef": 40,
    "speed": 55,
    "generation": 1,
    "legendary": "False"
  },
  {
    "id": 42,
    "name": "Golbat",
    "type1": "Poison",
    "type2": "Flying",
    "total": 455,
    "hp": 75,
    "attack": 80,
    "defense": 70,
    "spAtk": 65,
    "spDef": 75,
    "speed": 90,
    "generation": 1,
    "legendary": "False"
  },
  {
    "id": 43,
    "name": "Oddish",
    "type1": "Grass",
    "type2": "Poison",
    "total": 320,
    "hp": 45,
    "attack": 50,
    "defense": 55,
    "spAtk": 75,
    "spDef": 65,
    "speed": 30,
    "generation": 1,
    "legendary": "False"
  },
  {
    "id": 44,
    "name": "Gloom",
    "type1": "Grass",
    "type2": "Poison",
    "total": 395,
    "hp": 60,
    "attack": 65,
    "defense": 70,
    "spAtk": 85,
    "spDef": 75,
    "speed": 40,
    "generation": 1,
    "legendary": "False"
  },
  {
    "id": 45,
    "name": "Vileplume",
    "type1": "Grass",
    "type2": "Poison",
    "total": 490,
    "hp": 75,
    "attack": 80,
    "defense": 85,
    "spAtk": 110,
    "spDef": 90,
    "speed": 50,
    "generation": 1,
    "legendary": "False"
  },
  {
    "id": 46,
    "name": "Paras",
    "type1": "Bug",
    "type2": "Grass",
    "total": 285,
    "hp": 35,
    "attack": 70,
    "defense": 55,
    "spAtk": 45,
    "spDef": 55,
    "speed": 25,
    "generation": 1,
    "legendary": "False"
  },
  {
    "id": 47,
    "name": "Parasect",
    "type1": "Bug",
    "type2": "Grass",
    "total": 405,
    "hp": 60,
    "attack": 95,
    "defense": 80,
    "spAtk": 60,
    "spDef": 80,
    "speed": 30,
    "generation": 1,
    "legendary": "False"
  },
  {
    "id": 48,
    "name": "Venonat",
    "type1": "Bug",
    "type2": "Poison",
    "total": 305,
    "hp": 60,
    "attack": 55,
    "defense": 50,
    "spAtk": 40,
    "spDef": 55,
    "speed": 45,
    "generation": 1,
    "legendary": "False"
  },
  {
    "id": 49,
    "name": "Venomoth",
    "type1": "Bug",
    "type2": "Poison",
    "total": 450,
    "hp": 70,
    "attack": 65,
    "defense": 60,
    "spAtk": 90,
    "spDef": 75,
    "speed": 90,
    "generation": 1,
    "legendary": "False"
  },
  {
    "id": 50,
    "name": "Diglett",
    "type1": "Ground",
    "type2": "",
    "total": 265,
    "hp": 10,
    "attack": 55,
    "defense": 25,
    "spAtk": 35,
    "spDef": 45,
    "speed": 95,
    "generation": 1,
    "legendary": "False"
  },
  {
    "id": 51,
    "name": "Dugtrio",
    "type1": "Ground",
    "type2": "",
    "total": 405,
    "hp": 35,
    "attack": 80,
    "defense": 50,
    "spAtk": 50,
    "spDef": 70,
    "speed": 120,
    "generation": 1,
    "legendary": "False"
  },
  {
    "id": 52,
    "name": "Meowth",
    "type1": "Normal",
    "type2": "",
    "total": 290,
    "hp": 40,
    "attack": 45,
    "defense": 35,
    "spAtk": 40,
    "spDef": 40,
    "speed": 90,
    "generation": 1,
    "legendary": "False"
  },
  {
    "id": 53,
    "name": "Persian",
    "type1": "Normal",
    "type2": "",
    "total": 440,
    "hp": 65,
    "attack": 70,
    "defense": 60,
    "spAtk": 65,
    "spDef": 65,
    "speed": 115,
    "generation": 1,
    "legendary": "False"
  },
  {
    "id": 54,
    "name": "Psyduck",
    "type1": "Water",
    "type2": "",
    "total": 320,
    "hp": 50,
    "attack": 52,
    "defense": 48,
    "spAtk": 65,
    "spDef": 50,
    "speed": 55,
    "generation": 1,
    "legendary": "False"
  },
  {
    "id": 55,
    "name": "Golduck",
    "type1": "Water",
    "type2": "",
    "total": 500,
    "hp": 80,
    "attack": 82,
    "defense": 78,
    "spAtk": 95,
    "spDef": 80,
    "speed": 85,
    "generation": 1,
    "legendary": "False"
  },
  {
    "id": 56,
    "name": "Mankey",
    "type1": "Fighting",
    "type2": "",
    "total": 305,
    "hp": 40,
    "attack": 80,
    "defense": 35,
    "spAtk": 35,
    "spDef": 45,
    "speed": 70,
    "generation": 1,
    "legendary": "False"
  },
  {
    "id": 57,
    "name": "Primeape",
    "type1": "Fighting",
    "type2": "",
    "total": 455,
    "hp": 65,
    "attack": 105,
    "defense": 60,
    "spAtk": 60,
    "spDef": 70,
    "speed": 95,
    "generation": 1,
    "legendary": "False"
  },
  {
    "id": 58,
    "name": "Growlithe",
    "type1": "Fire",
    "type2": "",
    "total": 350,
    "hp": 55,
    "attack": 70,
    "defense": 45,
    "spAtk": 70,
    "spDef": 50,
    "speed": 60,
    "generation": 1,
    "legendary": "False"
  },
  {
    "id": 59,
    "name": "Arcanine",
    "type1": "Fire",
    "type2": "",
    "total": 555,
    "hp": 90,
    "attack": 110,
    "defense": 80,
    "spAtk": 100,
    "spDef": 80,
    "speed": 95,
    "generation": 1,
    "legendary": "False"
  },
  {
    "id": 60,
    "name": "Poliwag",
    "type1": "Water",
    "type2": "",
    "total": 300,
    "hp": 40,
    "attack": 50,
    "defense": 40,
    "spAtk": 40,
    "spDef": 40,
    "speed": 90,
    "generation": 1,
    "legendary": "False"
  },
  {
    "id": 61,
    "name": "Poliwhirl",
    "type1": "Water",
    "type2": "",
    "total": 385,
    "hp": 65,
    "attack": 65,
    "defense": 65,
    "spAtk": 50,
    "spDef": 50,
    "speed": 90,
    "generation": 1,
    "legendary": "False"
  },
  {
    "id": 62,
    "name": "Poliwrath",
    "type1": "Water",
    "type2": "Fighting",
    "total": 510,
    "hp": 90,
    "attack": 95,
    "defense": 95,
    "spAtk": 70,
    "spDef": 90,
    "speed": 70,
    "generation": 1,
    "legendary": "False"
  },
  {
    "id": 63,
    "name": "Abra",
    "type1": "Psychic",
    "type2": "",
    "total": 310,
    "hp": 25,
    "attack": 20,
    "defense": 15,
    "spAtk": 105,
    "spDef": 55,
    "speed": 90,
    "generation": 1,
    "legendary": "False"
  },
  {
    "id": 64,
    "name": "Kadabra",
    "type1": "Psychic",
    "type2": "",
    "total": 400,
    "hp": 40,
    "attack": 35,
    "defense": 30,
    "spAtk": 120,
    "spDef": 70,
    "speed": 105,
    "generation": 1,
    "legendary": "False"
  },
  {
    "id": 65,
    "name": "Alakazam",
    "type1": "Psychic",
    "type2": "",
    "total": 500,
    "hp": 55,
    "attack": 50,
    "defense": 45,
    "spAtk": 135,
    "spDef": 95,
    "speed": 120,
    "generation": 1,
    "legendary": "False"
  },

  {
    "id": 66,
    "name": "Machop",
    "type1": "Fighting",
    "type2": "",
    "total": 305,
    "hp": 70,
    "attack": 80,
    "defense": 50,
    "spAtk": 35,
    "spDef": 35,
    "speed": 35,
    "generation": 1,
    "legendary": "False"
  },
  {
    "id": 67,
    "name": "Machoke",
    "type1": "Fighting",
    "type2": "",
    "total": 405,
    "hp": 80,
    "attack": 100,
    "defense": 70,
    "spAtk": 50,
    "spDef": 60,
    "speed": 45,
    "generation": 1,
    "legendary": "False"
  },
  {
    "id": 68,
    "name": "Machamp",
    "type1": "Fighting",
    "type2": "",
    "total": 505,
    "hp": 90,
    "attack": 130,
    "defense": 80,
    "spAtk": 65,
    "spDef": 85,
    "speed": 55,
    "generation": 1,
    "legendary": "False"
  },
  {
    "id": 69,
    "name": "Bellsprout",
    "type1": "Grass",
    "type2": "Poison",
    "total": 300,
    "hp": 50,
    "attack": 75,
    "defense": 35,
    "spAtk": 70,
    "spDef": 30,
    "speed": 40,
    "generation": 1,
    "legendary": "False"
  },
  {
    "id": 70,
    "name": "Weepinbell",
    "type1": "Grass",
    "type2": "Poison",
    "total": 390,
    "hp": 65,
    "attack": 90,
    "defense": 50,
    "spAtk": 85,
    "spDef": 45,
    "speed": 55,
    "generation": 1,
    "legendary": "False"
  },
  {
    "id": 71,
    "name": "Victreebel",
    "type1": "Grass",
    "type2": "Poison",
    "total": 490,
    "hp": 80,
    "attack": 105,
    "defense": 65,
    "spAtk": 100,
    "spDef": 70,
    "speed": 70,
    "generation": 1,
    "legendary": "False"
  },
  {
    "id": 72,
    "name": "Tentacool",
    "type1": "Water",
    "type2": "Poison",
    "total": 335,
    "hp": 40,
    "attack": 40,
    "defense": 35,
    "spAtk": 50,
    "spDef": 100,
    "speed": 70,
    "generation": 1,
    "legendary": "False"
  },
  {
    "id": 73,
    "name": "Tentacruel",
    "type1": "Water",
    "type2": "Poison",
    "total": 515,
    "hp": 80,
    "attack": 70,
    "defense": 65,
    "spAtk": 80,
    "spDef": 120,
    "speed": 100,
    "generation": 1,
    "legendary": "False"
  },
  {
    "id": 74,
    "name": "Geodude",
    "type1": "Rock",
    "type2": "Ground",
    "total": 300,
    "hp": 40,
    "attack": 80,
    "defense": 100,
    "spAtk": 30,
    "spDef": 30,
    "speed": 20,
    "generation": 1,
    "legendary": "False"
  },
  {
    "id": 75,
    "name": "Graveler",
    "type1": "Rock",
    "type2": "Ground",
    "total": 390,
    "hp": 55,
    "attack": 95,
    "defense": 115,
    "spAtk": 45,
    "spDef": 45,
    "speed": 35,
    "generation": 1,
    "legendary": "False"
  },
  {
    "id": 76,
    "name": "Golem",
    "type1": "Rock",
    "type2": "Ground",
    "total": 495,
    "hp": 80,
    "attack": 120,
    "defense": 130,
    "spAtk": 55,
    "spDef": 65,
    "speed": 45,
    "generation": 1,
    "legendary": "False"
  },
  {
    "id": 77,
    "name": "Ponyta",
    "type1": "Fire",
    "type2": "",
    "total": 410,
    "hp": 50,
    "attack": 85,
    "defense": 55,
    "spAtk": 65,
    "spDef": 65,
    "speed": 90,
    "generation": 1,
    "legendary": "False"
  },
  {
    "id": 78,
    "name": "Rapidash",
    "type1": "Fire",
    "type2": "",
    "total": 500,
    "hp": 65,
    "attack": 100,
    "defense": 70,
    "spAtk": 80,
    "spDef": 80,
    "speed": 105,
    "generation": 1,
    "legendary": "False"
  },
  {
    "id": 79,
    "name": "Slowpoke",
    "type1": "Water",
    "type2": "Psychic",
    "total": 315,
    "hp": 90,
    "attack": 65,
    "defense": 65,
    "spAtk": 40,
    "spDef": 40,
    "speed": 15,
    "generation": 1,
    "legendary": "False"
  },
  {
    "id": 80,
    "name": "Slowbro",
    "type1": "Water",
    "type2": "Psychic",
    "total": 490,
    "hp": 95,
    "attack": 75,
    "defense": 110,
    "spAtk": 100,
    "spDef": 80,
    "speed": 30,
    "generation": 1,
    "legendary": "False"
  },

  {
    "id": 81,
    "name": "Magnemite",
    "type1": "Electric",
    "type2": "Steel",
    "total": 325,
    "hp": 25,
    "attack": 35,
    "defense": 70,
    "spAtk": 95,
    "spDef": 55,
    "speed": 45,
    "generation": 1,
    "legendary": "False"
  },
  {
    "id": 82,
    "name": "Magneton",
    "type1": "Electric",
    "type2": "Steel",
    "total": 465,
    "hp": 50,
    "attack": 60,
    "defense": 95,
    "spAtk": 120,
    "spDef": 70,
    "speed": 70,
    "generation": 1,
    "legendary": "False"
  },
  {
    "id": 83,
    "name": "Farfetch'd",
    "type1": "Normal",
    "type2": "Flying",
    "total": 352,
    "hp": 52,
    "attack": 65,
    "defense": 55,
    "spAtk": 58,
    "spDef": 62,
    "speed": 60,
    "generation": 1,
    "legendary": "False"
  },
  {
    "id": 84,
    "name": "Doduo",
    "type1": "Normal",
    "type2": "Flying",
    "total": 310,
    "hp": 35,
    "attack": 85,
    "defense": 45,
    "spAtk": 35,
    "spDef": 35,
    "speed": 75,
    "generation": 1,
    "legendary": "False"
  },
  {
    "id": 85,
    "name": "Dodrio",
    "type1": "Normal",
    "type2": "Flying",
    "total": 460,
    "hp": 60,
    "attack": 110,
    "defense": 70,
    "spAtk": 60,
    "spDef": 60,
    "speed": 100,
    "generation": 1,
    "legendary": "False"
  },
  {
    "id": 86,
    "name": "Seel",
    "type1": "Water",
    "type2": "",
    "total": 325,
    "hp": 65,
    "attack": 45,
    "defense": 55,
    "spAtk": 45,
    "spDef": 70,
    "speed": 45,
    "generation": 1,
    "legendary": "False"
  },
  {
    "id": 87,
    "name": "Dewgong",
    "type1": "Water",
    "type2": "Ice",
    "total": 475,
    "hp": 90,
    "attack": 70,
    "defense": 80,
    "spAtk": 70,
    "spDef": 95,
    "speed": 70,
    "generation": 1,
    "legendary": "False"
  },
  {
    "id": 88,
    "name": "Grimer",
    "type1": "Poison",
    "type2": "",
    "total": 325,
    "hp": 80,
    "attack": 80,
    "defense": 50,
    "spAtk": 40,
    "spDef": 50,
    "speed": 25,
    "generation": 1,
    "legendary": "False"
  },
  {
    "id": 89,
    "name": "Muk",
    "type1": "Poison",
    "type2": "",
    "total": 500,
    "hp": 105,
    "attack": 105,
    "defense": 75,
    "spAtk": 65,
    "spDef": 100,
    "speed": 50,
    "generation": 1,
    "legendary": "False"
  },
  {
    "id": 90,
    "name": "Shellder",
    "type1": "Water",
    "type2": "",
    "total": 305,
    "hp": 30,
    "attack": 65,
    "defense": 100,
    "spAtk": 45,
    "spDef": 25,
    "speed": 40,
    "generation": 1,
    "legendary": "False"
  },
  {
    "id": 91,
    "name": "Cloyster",
    "type1": "Water",
    "type2": "Ice",
    "total": 525,
    "hp": 50,
    "attack": 95,
    "defense": 180,
    "spAtk": 85,
    "spDef": 45,
    "speed": 70,
    "generation": 1,
    "legendary": "False"
  },
  {
    "id": 92,
    "name": "Gastly",
    "type1": "Ghost",
    "type2": "Poison",
    "total": 310,
    "hp": 30,
    "attack": 35,
    "defense": 30,
    "spAtk": 100,
    "spDef": 35,
    "speed": 80,
    "generation": 1,
    "legendary": "False"
  },
  {
    "id": 93,
    "name": "Haunter",
    "type1": "Ghost",
    "type2": "Poison",
    "total": 405,
    "hp": 45,
    "attack": 50,
    "defense": 45,
    "spAtk": 115,
    "spDef": 55,
    "speed": 95,
    "generation": 1,
    "legendary": "False"
  },
  {
    "id": 94,
    "name": "Gengar",
    "type1": "Ghost",
    "type2": "Poison",
    "total": 500,
    "hp": 60,
    "attack": 65,
    "defense": 60,
    "spAtk": 130,
    "spDef": 75,
    "speed": 110,
    "generation": 1,
    "legendary": "False"
  },

  {
    "id": 95,
    "name": "Onix",
    "type1": "Rock",
    "type2": "Ground",
    "total": 385,
    "hp": 35,
    "attack": 45,
    "defense": 160,
    "spAtk": 30,
    "spDef": 45,
    "speed": 70,
    "generation": 1,
    "legendary": "False"
  },
  {
    "id": 96,
    "name": "Drowzee",
    "type1": "Psychic",
    "type2": "",
    "total": 328,
    "hp": 60,
    "attack": 48,
    "defense": 45,
    "spAtk": 43,
    "spDef": 90,
    "speed": 42,
    "generation": 1,
    "legendary": "False"
  },
  {
    "id": 97,
    "name": "Hypno",
    "type1": "Psychic",
    "type2": "",
    "total": 483,
    "hp": 85,
    "attack": 73,
    "defense": 70,
    "spAtk": 73,
    "spDef": 115,
    "speed": 67,
    "generation": 1,
    "legendary": "False"
  },
  {
    "id": 98,
    "name": "Krabby",
    "type1": "Water",
    "type2": "",
    "total": 325,
    "hp": 30,
    "attack": 105,
    "defense": 90,
    "spAtk": 25,
    "spDef": 25,
    "speed": 50,
    "generation": 1,
    "legendary": "False"
  },
  {
    "id": 99,
    "name": "Kingler",
    "type1": "Water",
    "type2": "",
    "total": 475,
    "hp": 55,
    "attack": 130,
    "defense": 115,
    "spAtk": 50,
    "spDef": 50,
    "speed": 75,
    "generation": 1,
    "legendary": "False"
  },
  {
    "id": 100,
    "name": "Voltorb",
    "type1": "Electric",
    "type2": "",
    "total": 330,
    "hp": 40,
    "attack": 30,
    "defense": 50,
    "spAtk": 55,
    "spDef": 55,
    "speed": 100,
    "generation": 1,
    "legendary": "False"
  },
  {
    "id": 101,
    "name": "Electrode",
    "type1": "Electric",
    "type2": "",
    "total": 480,
    "hp": 60,
    "attack": 50,
    "defense": 70,
    "spAtk": 80,
    "spDef": 80,
    "speed": 140,
    "generation": 1,
    "legendary": "False"
  },
  {
    "id": 102,
    "name": "Exeggcute",
    "type1": "Grass",
    "type2": "Psychic",
    "total": 325,
    "hp": 60,
    "attack": 40,
    "defense": 80,
    "spAtk": 60,
    "spDef": 45,
    "speed": 40,
    "generation": 1,
    "legendary": "False"
  },
  {
    "id": 103,
    "name": "Exeggutor",
    "type1": "Grass",
    "type2": "Psychic",
    "total": 520,
    "hp": 95,
    "attack": 95,
    "defense": 85,
    "spAtk": 125,
    "spDef": 65,
    "speed": 55,
    "generation": 1,
    "legendary": "False"
  },
  {
    "id": 104,
    "name": "Cubone",
    "type1": "Ground",
    "type2": "",
    "total": 320,
    "hp": 50,
    "attack": 50,
    "defense": 95,
    "spAtk": 40,
    "spDef": 50,
    "speed": 35,
    "generation": 1,
    "legendary": "False"
  },
  {
    "id": 105,
    "name": "Marowak",
    "type1": "Ground",
    "type2": "",
    "total": 425,
    "hp": 60,
    "attack": 80,
    "defense": 110,
    "spAtk": 50,
    "spDef": 80,
    "speed": 45,
    "generation": 1,
    "legendary": "False"
  },
  {
    "id": 106,
    "name": "Hitmonlee",
    "type1": "Fighting",
    "type2": "",
    "total": 455,
    "hp": 50,
    "attack": 120,
    "defense": 53,
    "spAtk": 35,
    "spDef": 110,
    "speed": 87,
    "generation": 1,
    "legendary": "False"
  },
  {
    "id": 107,
    "name": "Hitmonchan",
    "type1": "Fighting",
    "type2": "",
    "total": 455,
    "hp": 50,
    "attack": 105,
    "defense": 79,
    "spAtk": 35,
    "spDef": 110,
    "speed": 76,
    "generation": 1,
    "legendary": "False"
  },
  {
    "id": 108,
    "name": "Lickitung",
    "type1": "Normal",
    "type2": "",
    "total": 385,
    "hp": 90,
    "attack": 55,
    "defense": 75,
    "spAtk": 60,
    "spDef": 75,
    "speed": 30,
    "generation": 1,
    "legendary": "False"
  },
  {
    "id": 109,
    "name": "Koffing",
    "type1": "Poison",
    "type2": "",
    "total": 340,
    "hp": 40,
    "attack": 65,
    "defense": 95,
    "spAtk": 60,
    "spDef": 45,
    "speed": 35,
    "generation": 1,
    "legendary": "False"
  },
  {
    "id": 110,
    "name": "Weezing",
    "type1": "Poison",
    "type2": "",
    "total": 490,
    "hp": 65,
    "attack": 90,
    "defense": 120,
    "spAtk": 85,
    "spDef": 70,
    "speed": 60,
    "generation": 1,
    "legendary": "False"
  },
  {
    "id": 111,
    "name": "Rhyhorn",
    "type1": "Ground",
    "type2": "Rock",
    "total": 345,
    "hp": 80,
    "attack": 85,
    "defense": 95,
    "spAtk": 30,
    "spDef": 30,
    "speed": 25,
    "generation": 1,
    "legendary": "False"
  },
  {
    "id": 112,
    "name": "Rhydon",
    "type1": "Ground",
    "type2": "Rock",
    "total": 485,
    "hp": 105,
    "attack": 130,
    "defense": 120,
    "spAtk": 45,
    "spDef": 45,
    "speed": 40,
    "generation": 1,
    "legendary": "False"
  },
  {
    "id": 113,
    "name": "Chansey",
    "type1": "Normal",
    "type2": "",
    "total": 450,
    "hp": 250,
    "attack": 5,
    "defense": 5,
    "spAtk": 35,
    "spDef": 105,
    "speed": 50,
    "generation": 1,
    "legendary": "False"
  },
  {
    "id": 114,
    "name": "Tangela",
    "type1": "Grass",
    "type2": "",
    "total": 435,
    "hp": 65,
    "attack": 55,
    "defense": 115,
    "spAtk": 100,
    "spDef": 40,
    "speed": 60,
    "generation": 1,
    "legendary": "False"
  },
  {
    "id": 115,
    "name": "Kangaskhan",
    "type1": "Normal",
    "type2": "",
    "total": 490,
    "hp": 105,
    "attack": 95,
    "defense": 80,
    "spAtk": 40,
    "spDef": 80,
    "speed": 90,
    "generation": 1,
    "legendary": "False"
  },

  {
    "id": 116,
    "name": "Horsea",
    "type1": "Water",
    "type2": "",
    "total": 295,
    "hp": 30,
    "attack": 40,
    "defense": 70,
    "spAtk": 70,
    "spDef": 25,
    "speed": 60,
    "generation": 1,
    "legendary": "False"
  },
  {
    "id": 117,
    "name": "Seadra",
    "type1": "Water",
    "type2": "",
    "total": 440,
    "hp": 55,
    "attack": 65,
    "defense": 95,
    "spAtk": 95,
    "spDef": 45,
    "speed": 85,
    "generation": 1,
    "legendary": "False"
  },
  {
    "id": 118,
    "name": "Goldeen",
    "type1": "Water",
    "type2": "",
    "total": 320,
    "hp": 45,
    "attack": 67,
    "defense": 60,
    "spAtk": 35,
    "spDef": 50,
    "speed": 63,
    "generation": 1,
    "legendary": "False"
  },
  {
    "id": 119,
    "name": "Seaking",
    "type1": "Water",
    "type2": "",
    "total": 450,
    "hp": 80,
    "attack": 92,
    "defense": 65,
    "spAtk": 65,
    "spDef": 80,
    "speed": 68,
    "generation": 1,
    "legendary": "False"
  },
  {
    "id": 120,
    "name": "Staryu",
    "type1": "Water",
    "type2": "",
    "total": 340,
    "hp": 30,
    "attack": 45,
    "defense": 55,
    "spAtk": 70,
    "spDef": 55,
    "speed": 85,
    "generation": 1,
    "legendary": "False"
  },
  {
    "id": 121,
    "name": "Starmie",
    "type1": "Water",
    "type2": "Psychic",
    "total": 520,
    "hp": 60,
    "attack": 75,
    "defense": 85,
    "spAtk": 100,
    "spDef": 85,
    "speed": 115,
    "generation": 1,
    "legendary": "False"
  },
  {
    "id": 122,
    "name": "Mr. Mime",
    "type1": "Psychic",
    "type2": "Fairy",
    "total": 460,
    "hp": 40,
    "attack": 45,
    "defense": 65,
    "spAtk": 100,
    "spDef": 120,
    "speed": 90,
    "generation": 1,
    "legendary": "False"
  },
  {
    "id": 123,
    "name": "Scyther",
    "type1": "Bug",
    "type2": "Flying",
    "total": 500,
    "hp": 70,
    "attack": 110,
    "defense": 80,
    "spAtk": 55,
    "spDef": 80,
    "speed": 105,
    "generation": 1,
    "legendary": "False"
  },
  {
    "id": 124,
    "name": "Jynx",
    "type1": "Ice",
    "type2": "Psychic",
    "total": 455,
    "hp": 65,
    "attack": 50,
    "defense": 35,
    "spAtk": 115,
    "spDef": 95,
    "speed": 95,
    "generation": 1,
    "legendary": "False"
  },
  {
    "id": 125,
    "name": "Electabuzz",
    "type1": "Electric",
    "type2": "",
    "total": 490,
    "hp": 65,
    "attack": 83,
    "defense": 57,
    "spAtk": 95,
    "spDef": 85,
    "speed": 105,
    "generation": 1,
    "legendary": "False"
  },
  {
    "id": 126,
    "name": "Magmar",
    "type1": "Fire",
    "type2": "",
    "total": 495,
    "hp": 65,
    "attack": 95,
    "defense": 57,
    "spAtk": 100,
    "spDef": 85,
    "speed": 93,
    "generation": 1,
    "legendary": "False"
  },
  {
    "id": 127,
    "name": "Pinsir",
    "type1": "Bug",
    "type2": "",
    "total": 500,
    "hp": 65,
    "attack": 125,
    "defense": 100,
    "spAtk": 55,
    "spDef": 70,
    "speed": 85,
    "generation": 1,
    "legendary": "False"
  },

  {
    "id": 128,
    "name": "Tauros",
    "type1": "Normal",
    "type2": "",
    "total": 490,
    "hp": 75,
    "attack": 100,
    "defense": 95,
    "spAtk": 40,
    "spDef": 70,
    "speed": 110,
    "generation": 1,
    "legendary": "False"
  },
  {
    "id": 129,
    "name": "Magikarp",
    "type1": "Water",
    "type2": "",
    "total": 200,
    "hp": 20,
    "attack": 10,
    "defense": 55,
    "spAtk": 15,
    "spDef": 20,
    "speed": 80,
    "generation": 1,
    "legendary": "False"
  },
  {
    "id": 130,
    "name": "Gyarados",
    "type1": "Water",
    "type2": "Flying",
    "total": 540,
    "hp": 95,
    "attack": 125,
    "defense": 79,
    "spAtk": 60,
    "spDef": 100,
    "speed": 81,
    "generation": 1,
    "legendary": "False"
  },

  {
    "id": 131,
    "name": "Lapras",
    "type1": "Water",
    "type2": "Ice",
    "total": 535,
    "hp": 130,
    "attack": 85,
    "defense": 80,
    "spAtk": 85,
    "spDef": 95,
    "speed": 60,
    "generation": 1,
    "legendary": "False"
  },
  {
    "id": 132,
    "name": "Ditto",
    "type1": "Normal",
    "type2": "",
    "total": 288,
    "hp": 48,
    "attack": 48,
    "defense": 48,
    "spAtk": 48,
    "spDef": 48,
    "speed": 48,
    "generation": 1,
    "legendary": "False"
  },
  {
    "id": 133,
    "name": "Eevee",
    "type1": "Normal",
    "type2": "",
    "total": 325,
    "hp": 55,
    "attack": 55,
    "defense": 50,
    "spAtk": 45,
    "spDef": 65,
    "speed": 55,
    "generation": 1,
    "legendary": "False"
  },
  {
    "id": 134,
    "name": "Vaporeon",
    "type1": "Water",
    "type2": "",
    "total": 525,
    "hp": 130,
    "attack": 65,
    "defense": 60,
    "spAtk": 110,
    "spDef": 95,
    "speed": 65,
    "generation": 1,
    "legendary": "False"
  },
  {
    "id": 135,
    "name": "Jolteon",
    "type1": "Electric",
    "type2": "",
    "total": 525,
    "hp": 65,
    "attack": 65,
    "defense": 60,
    "spAtk": 110,
    "spDef": 95,
    "speed": 130,
    "generation": 1,
    "legendary": "False"
  },
  {
    "id": 136,
    "name": "Flareon",
    "type1": "Fire",
    "type2": "",
    "total": 525,
    "hp": 65,
    "attack": 130,
    "defense": 60,
    "spAtk": 95,
    "spDef": 110,
    "speed": 65,
    "generation": 1,
    "legendary": "False"
  },
  {
    "id": 137,
    "name": "Porygon",
    "type1": "Normal",
    "type2": "",
    "total": 395,
    "hp": 65,
    "attack": 60,
    "defense": 70,
    "spAtk": 85,
    "spDef": 75,
    "speed": 40,
    "generation": 1,
    "legendary": "False"
  },
  {
    "id": 138,
    "name": "Omanyte",
    "type1": "Rock",
    "type2": "Water",
    "total": 355,
    "hp": 35,
    "attack": 40,
    "defense": 100,
    "spAtk": 90,
    "spDef": 55,
    "speed": 35,
    "generation": 1,
    "legendary": "False"
  },
  {
    "id": 139,
    "name": "Omastar",
    "type1": "Rock",
    "type2": "Water",
    "total": 495,
    "hp": 70,
    "attack": 60,
    "defense": 125,
    "spAtk": 115,
    "spDef": 70,
    "speed": 55,
    "generation": 1,
    "legendary": "False"
  },
  {
    "id": 140,
    "name": "Kabuto",
    "type1": "Rock",
    "type2": "Water",
    "total": 355,
    "hp": 30,
    "attack": 80,
    "defense": 90,
    "spAtk": 55,
    "spDef": 45,
    "speed": 55,
    "generation": 1,
    "legendary": "False"
  },
  {
    "id": 141,
    "name": "Kabutops",
    "type1": "Rock",
    "type2": "Water",
    "total": 495,
    "hp": 60,
    "attack": 115,
    "defense": 105,
    "spAtk": 65,
    "spDef": 70,
    "speed": 80,
    "generation": 1,
    "legendary": "False"
  },
  {
    "id": 142,
    "name": "Aerodactyl",
    "type1": "Rock",
    "type2": "Flying",
    "total": 515,
    "hp": 80,
    "attack": 105,
    "defense": 65,
    "spAtk": 60,
    "spDef": 75,
    "speed": 130,
    "generation": 1,
    "legendary": "False"
  },

  {
    "id": 143,
    "name": "Snorlax",
    "type1": "Normal",
    "type2": "",
    "total": 540,
    "hp": 160,
    "attack": 110,
    "defense": 65,
    "spAtk": 65,
    "spDef": 110,
    "speed": 30,
    "generation": 1,
    "legendary": "False"
  },
  {
    "id": 144,
    "name": "Articuno",
    "type1": "Ice",
    "type2": "Flying",
    "total": 580,
    "hp": 90,
    "attack": 85,
    "defense": 100,
    "spAtk": 95,
    "spDef": 125,
    "speed": 85,
    "generation": 1,
    "legendary": "True"
  },
  {
    "id": 145,
    "name": "Zapdos",
    "type1": "Electric",
    "type2": "Flying",
    "total": 580,
    "hp": 90,
    "attack": 90,
    "defense": 85,
    "spAtk": 125,
    "spDef": 90,
    "speed": 100,
    "generation": 1,
    "legendary": "True"
  },
  {
    "id": 146,
    "name": "Moltres",
    "type1": "Fire",
    "type2": "Flying",
    "total": 580,
    "hp": 90,
    "attack": 100,
    "defense": 90,
    "spAtk": 125,
    "spDef": 85,
    "speed": 90,
    "generation": 1,
    "legendary": "True"
  },
  {
    "id": 147,
    "name": "Dratini",
    "type1": "Dragon",
    "type2": "",
    "total": 300,
    "hp": 41,
    "attack": 64,
    "defense": 45,
    "spAtk": 50,
    "spDef": 50,
    "speed": 50,
    "generation": 1,
    "legendary": "False"
  },
  {
    "id": 148,
    "name": "Dragonair",
    "type1": "Dragon",
    "type2": "",
    "total": 420,
    "hp": 61,
    "attack": 84,
    "defense": 65,
    "spAtk": 70,
    "spDef": 70,
    "speed": 70,
    "generation": 1,
    "legendary": "False"
  },
  {
    "id": 149,
    "name": "Dragonite",
    "type1": "Dragon",
    "type2": "Flying",
    "total": 600,
    "hp": 91,
    "attack": 134,
    "defense": 95,
    "spAtk": 100,
    "spDef": 100,
    "speed": 80,
    "generation": 1,
    "legendary": "False"
  },
  {
    "id": 150,
    "name": "Mewtwo",
    "type1": "Psychic",
    "type2": "",
    "total": 680,
    "hp": 106,
    "attack": 110,
    "defense": 90,
    "spAtk": 154,
    "spDef": 90,
    "speed": 130,
    "generation": 1,
    "legendary": "True"
  },


  {
    "id": 151,
    "name": "Mew",
    "type1": "Psychic",
    "type2": "",
    "total": 600,
    "hp": 100,
    "attack": 100,
    "defense": 100,
    "spAtk": 100,
    "spDef": 100,
    "speed": 100,
    "generation": 1,
    "legendary": "False"
  }
]